label,phase,packet_bytes,direction,block,cycles,beats,bytes_per_cycle,ceiling_bytes_per_cycle,service_period_cycles,accept_rate,in_stall_frac,in_starve_frac,out_stall_frac,dominant_state
shared-80mhz-probed,b2b-16,16,encrypt,chacha20,254,4,0.25196850393700787,6.4,2.5,0.4,0.023622047244094488,0.011811023622047244,0.2047244094488189,POLY_KEY
shared-80mhz-probed,b2b-16,16,encrypt,prep_auth_data,254,4,0.25196850393700787,1.1428571428571428,14.0,0.07142857142857142,0.2047244094488189,0.0,0.23622047244094488,IDLE
shared-80mhz-probed,b2b-16,16,encrypt,poly1305,254,16,1.0078740157480315,3.3684210526315788,4.75,0.21052631578947367,0.23622047244094488,0.07480314960629922,0.0,IDLE
shared-80mhz-probed,b2b-16,16,encrypt,append_auth_tag,254,4,0.25196850393700787,16.0,1.0,1.0,0.0,0.7637795275590551,0.0,CIPHERTEXT
shared-80mhz-probed,b2b-16,16,decrypt,chacha20,254,4,0.25196850393700787,5.333333333333333,3.0,0.3333333333333333,0.031496062992125984,0.8110236220472441,0.0,PLAINTEXT
shared-80mhz-probed,b2b-16,16,decrypt,prep_auth_data,254,4,0.25196850393700787,0.3018867924528302,53.0,0.018867924528301886,0.8188976377952756,0.0,0.7913385826771654,AAD_STATE
shared-80mhz-probed,b2b-16,16,decrypt,poly1305,254,16,1.0078740157480315,1.1797235023041475,13.5625,0.07373271889400922,0.7913385826771654,0.0,0.0,IDLE
shared-80mhz-probed,b2b-16,16,decrypt,strip_auth_tag,254,8,0.5039370078740157,0.5925925925925926,27.0,0.037037037037037035,0.8188976377952756,0.14960629921259844,0.8188976377952756,
shared-80mhz-probed,b2b-16,16,decrypt,wait_to_verify,254,4,0.25196850393700787,16.0,1.0,1.0,0.0,0.984251968503937,0.0,WAIT_TO_VERIFY_BIT
shared-80mhz-probed,b2b-16,16,decrypt,verify,254,4,,16.0,1.0,1.0,0.0,0.1889763779527559,0.0,TAKE_AUTH_TAG
shared-80mhz-probed,b2b-64,64,encrypt,chacha20,367,16,0.6975476839237057,11.130434782608695,1.4375,0.6956521739130435,0.01907356948228883,0.005449591280653951,0.30517711171662126,POLY_KEY
shared-80mhz-probed,b2b-64,64,encrypt,prep_auth_data,367,16,0.6975476839237057,2.0,8.0,0.125,0.30517711171662126,0.0,0.32697547683923706,IDLE
shared-80mhz-probed,b2b-64,64,encrypt,poly1305,367,28,1.220708446866485,3.027027027027027,5.285714285714286,0.1891891891891892,0.32697547683923706,0.05722070844686648,0.0,IDLE
shared-80mhz-probed,b2b-64,64,encrypt,append_auth_tag,367,16,0.6975476839237057,16.0,1.0,1.0,0.0,0.8038147138964578,0.0,CIPHERTEXT
shared-80mhz-probed,b2b-64,64,decrypt,chacha20,367,16,0.6975476839237057,10.666666666666666,1.5,0.6666666666666666,0.021798365122615803,0.8283378746594006,0.0,PLAINTEXT
shared-80mhz-probed,b2b-64,64,decrypt,prep_auth_data,367,16,0.6975476839237057,0.7950310559006211,20.125,0.049689440993788817,0.8337874659400545,0.0,0.8147138964577657,AAD_STATE
shared-80mhz-probed,b2b-64,64,decrypt,poly1305,367,28,1.220708446866485,1.3700305810397553,11.678571428571429,0.0856269113149847,0.8147138964577657,0.0,0.0,IDLE
shared-80mhz-probed,b2b-64,64,decrypt,strip_auth_tag,367,20,0.8719346049046321,0.9815950920245399,16.3,0.06134969325153374,0.8337874659400545,0.11171662125340599,0.8337874659400545,
shared-80mhz-probed,b2b-64,64,decrypt,wait_to_verify,367,16,0.6975476839237057,16.0,1.0,1.0,0.0,0.9564032697547684,0.0,WAIT_TO_VERIFY_BIT
shared-80mhz-probed,b2b-64,64,decrypt,verify,367,4,,16.0,1.0,1.0,0.0,0.1307901907356948,0.0,TAKE_AUTH_TAG
shared-80mhz-probed,b2b-256,256,encrypt,chacha20,882,64,1.1609977324263039,14.222222222222221,1.125,0.8888888888888888,0.009070294784580499,0.0022675736961451248,0.39909297052154197,POLY_KEY
shared-80mhz-probed,b2b-256,256,encrypt,prep_auth_data,882,64,1.1609977324263039,2.4615384615384617,6.5,0.15384615384615385,0.39909297052154197,0.0,0.40816326530612246,IDLE
shared-80mhz-probed,b2b-256,256,encrypt,poly1305,882,76,1.3786848072562359,2.7889908256880735,5.7368421052631575,0.1743119266055046,0.40816326530612246,0.023809523809523808,0.0,FINISH_ITER
shared-80mhz-probed,b2b-256,256,encrypt,append_auth_tag,882,64,1.1609977324263039,16.0,1.0,1.0,0.0,0.8639455782312925,0.0,CIPHERTEXT
shared-80mhz-probed,b2b-256,256,decrypt,chacha20,882,64,1.1609977324263039,14.422535211267606,1.109375,0.9014084507042254,0.007936507936507936,0.8752834467120182,0.0,PLAINTEXT
shared-80mhz-probed,b2b-256,256,decrypt,prep_auth_data,882,64,1.1609977324263039,1.2234169653524491,13.078125,0.07646356033452807,0.8764172335600907,0.0,0.8684807256235828,AAD_STATE
shared-80mhz-probed,b2b-256,256,decrypt,poly1305,882,76,1.3786848072562359,1.4441805225653206,11.078947368421053,0.09026128266033254,0.8684807256235828,0.0,0.0,FINISH_ITER
shared-80mhz-probed,b2b-256,256,decrypt,strip_auth_tag,882,68,1.2335600907029478,1.2936979785969085,12.367647058823529,0.08085612366230678,0.8764172335600907,0.046485260770975055,0.8764172335600907,
shared-80mhz-probed,b2b-256,256,decrypt,wait_to_verify,882,64,1.1609977324263039,16.0,1.0,1.0,0.0,0.927437641723356,0.0,WAIT_TO_VERIFY_BIT
shared-80mhz-probed,b2b-256,256,decrypt,verify,882,4,,16.0,1.0,1.0,0.0,0.05442176870748299,0.0,TAKE_AUTH_TAG
shared-80mhz-probed,b2b-1024,1024,encrypt,chacha20,2293,256,1.7863061491495857,3.002932551319648,5.328125,0.187683284457478,0.48320976886175315,0.0008722197993894462,0.5678150894025294,PLAINTEXT
shared-80mhz-probed,b2b-1024,1024,encrypt,prep_auth_data,2293,256,1.7863061491495857,2.6290115532734273,6.0859375,0.1643132220795892,0.5678150894025294,0.012211077191452245,0.5713039686000873,CIPHERTEXT
shared-80mhz-probed,b2b-1024,1024,encrypt,poly1305,2293,268,1.8700392498909726,2.717363751584284,5.888059701492537,0.16983523447401774,0.5713039686000873,0.02136938508504143,0.0,FINISH_ITER
shared-80mhz-probed,b2b-1024,1024,encrypt,append_auth_tag,2293,256,1.7863061491495857,16.0,1.0,1.0,0.0,0.8639337112952464,0.0,CIPHERTEXT
shared-80mhz-probed,b2b-1024,1024,decrypt,chacha20,2293,256,1.7863061491495857,6.7479406919275124,2.37109375,0.42174629324546953,0.1530745747928478,0.6977758395115569,0.0,PLAINTEXT
shared-80mhz-probed,b2b-1024,1024,decrypt,prep_auth_data,2293,256,1.7863061491495857,2.045954045954046,7.8203125,0.12787212787212787,0.7614478848669864,0.0867858700392499,0.7583951155691234,CIPHERTEXT
shared-80mhz-probed,b2b-1024,1024,decrypt,poly1305,2293,268,1.8700392498909726,2.136522172396612,7.4888059701492535,0.13353263577478824,0.7583951155691234,0.0867858700392499,0.0,FINISH_ITER
shared-80mhz-probed,b2b-1024,1024,decrypt,strip_auth_tag,2293,260,1.814217182730048,1.886621315192744,8.48076923076923,0.11791383219954649,0.8482337549062364,0.03837767117313563,0.8482337549062364,
shared-80mhz-probed,b2b-1024,1024,decrypt,wait_to_verify,2293,256,1.7863061491495857,16.0,1.0,1.0,0.0,0.888355865678151,0.0,WAIT_TO_VERIFY_BIT
shared-80mhz-probed,b2b-1024,1024,decrypt,verify,2293,4,,16.0,1.0,1.0,0.0,0.020933275185346708,0.0,TAKE_AUTH_TAG
shared-80mhz-probed,b2b-1420,1420,encrypt,chacha20,3561,356,1.5950575680988486,3.2236095346197504,4.949438202247191,0.20204313280363223,0.39483291210334176,0.007020499859590003,0.5074417298511654,POLY_KEY
shared-80mhz-probed,b2b-1420,1420,encrypt,prep_auth_data,3561,356,1.5950575680988486,2.6259824318076745,6.075842696629214,0.16458622283865001,0.5074417298511654,0.0011232799775344005,0.5096882898062342,CIPHERTEXT
shared-80mhz-probed,b2b-1420,1420,encrypt,poly1305,3561,368,1.6534681269306375,2.6972056802565274,5.932065217391305,0.168575355016033,0.5096882898062342,0.010109519797809604,0.0011232799775344005,FINISH_ITER
shared-80mhz-probed,b2b-1420,1420,encrypt,append_auth_tag,3561,356,1.5950575680988486,15.955056179775282,1.0,1.0,0.0,0.8831788823364224,0.0,CIPHERTEXT
shared-80mhz-probed,b2b-1420,1420,decrypt,chacha20,3561,356,1.5950575680988486,5.000000000000001,3.191011235955056,0.31338028169014087,0.21903959561920808,0.649536647009267,0.0,PLAINTEXT
shared-80mhz-probed,b2b-1420,1420,decrypt,prep_auth_data,3561,356,1.5950575680988486,2.0483231157591058,7.78932584269663,0.1283808150018031,0.6787419264251615,0.18843021623139566,0.6767761864644762,CIPHERTEXT
shared-80mhz-probed,b2b-1420,1420,decrypt,poly1305,3561,368,1.6534681269306375,2.1195104391648667,7.548913043478261,0.13246940244780417,0.6767761864644762,0.18843021623139566,0.0,FINISH_ITER
shared-80mhz-probed,b2b-1420,1420,decrypt,strip_auth_tag,3561,360,1.613030047739399,1.665893271461717,9.577777777777778,0.10440835266821345,0.8671721426565572,0.03173265936534681,0.8671721426565572,
shared-80mhz-probed,b2b-1420,1420,decrypt,wait_to_verify,3561,356,1.5950575680988486,15.955056179775282,1.0,1.0,0.0,0.9000280819994384,0.0,WAIT_TO_VERIFY_BIT
shared-80mhz-probed,b2b-1420,1420,decrypt,verify,3561,4,,16.0,1.0,1.0,0.0,0.013479359730412805,0.0,TAKE_AUTH_TAG
shared-80mhz-probed,peak-1920,1920,encrypt,chacha20,4209,480,1.8246614397719174,2.9767441860465116,5.375,0.18604651162790697,0.4989308624376336,0.0004751722499406035,0.574008077928249,PLAINTEXT
shared-80mhz-probed,peak-1920,1920,encrypt,prep_auth_data,4209,480,1.8246614397719174,2.6519337016574585,6.033333333333333,0.16574585635359115,0.574008077928249,0.010453789498693276,0.5759087669280114,CIPHERTEXT
shared-80mhz-probed,peak-1920,1920,encrypt,poly1305,4209,492,1.8702779757662154,2.6995884773662553,5.926829268292683,0.16872427983539096,0.5759087669280114,0.015443098123069612,0.0,FINISH_ITER
shared-80mhz-probed,peak-1920,1920,encrypt,append_auth_tag,4209,480,1.8246614397719174,16.0,1.0,1.0,0.0,0.8726538370159183,0.0,CIPHERTEXT
shared-80mhz-probed,peak-1920,1920,decrypt,chacha20,4209,480,1.8246614397719174,6.826666666666667,2.34375,0.4266666666666667,0.15324305060584462,0.6989783796626277,0.0,PLAINTEXT
shared-80mhz-probed,peak-1920,1920,decrypt,prep_auth_data,4209,480,1.8246614397719174,2.111630464668683,7.577083333333333,0.1319769040417927,0.7500593965312425,0.10073651698740793,0.7483962936564504,CIPHERTEXT
shared-80mhz-probed,peak-1920,1920,decrypt,poly1305,4209,492,1.8702779757662154,2.161449752883031,7.402439024390244,0.13509060955518945,0.7483962936564504,0.10073651698740793,0.0,FINISH_ITER
shared-80mhz-probed,peak-1920,1920,decrypt,strip_auth_tag,4209,484,1.8398669517700166,1.905043050430504,8.398760330578513,0.11906519065190652,0.8507959135186505,0.03421240199572345,0.8507959135186505,
shared-80mhz-probed,peak-1920,1920,decrypt,wait_to_verify,4209,480,1.8246614397719174,16.0,1.0,1.0,0.0,0.8859586600142552,0.0,WAIT_TO_VERIFY_BIT
shared-80mhz-probed,peak-1920,1920,decrypt,verify,4209,4,,16.0,1.0,1.0,0.0,0.011404133998574484,0.0,TAKE_AUTH_TAG
