label,phase,packet_bytes,tap,kind,cycles,xfer_cycles,stall_cycles,starved_cycles,idle_cycles,accept_rate,service_period_cycles,beats_per_cycle,bytes_per_cycle,stall_frac,starve_frac,dominant_state
shared-80mhz-probed,b2b-16,16,decrypt/chacha20.axis_in,handshake,254,4,8,206,36,0.3333333333333333,3.0,0.015748031496062992,0.25196850393700787,0.031496062992125984,0.8110236220472441,
shared-80mhz-probed,b2b-16,16,decrypt/chacha20.axis_out,handshake,254,4,0,250,0,1.0,1.0,0.015748031496062992,0.25196850393700787,0.0,0.984251968503937,
shared-80mhz-probed,b2b-16,16,decrypt/chacha20.from_pipeline,handshake,254,8,0,246,0,1.0,1.0,0.031496062992125984,,0.0,0.968503937007874,
shared-80mhz-probed,b2b-16,16,decrypt/chacha20.in_state,state,254,,,,,,,,,,,PLAINTEXT
shared-80mhz-probed,b2b-16,16,decrypt/chacha20.key_out,handshake,254,4,0,146,104,1.0,1.0,0.015748031496062992,,0.0,0.5748031496062992,
shared-80mhz-probed,b2b-16,16,decrypt/chacha20.out_state,state,254,,,,,,,,,,,PLAINTEXT
shared-80mhz-probed,b2b-16,16,decrypt/chacha20.to_pipeline,handshake,254,8,8,118,120,0.5,2.0,0.031496062992125984,,0.031496062992125984,0.4645669291338583,
shared-80mhz-probed,b2b-16,16,decrypt/poly1305.data_in,handshake,254,16,201,0,37,0.07373271889400922,13.5625,0.06299212598425197,1.0078740157480315,0.7913385826771654,0.0,
shared-80mhz-probed,b2b-16,16,decrypt/poly1305.from_compute,handshake,254,16,0,238,0,1.0,1.0,0.06299212598425197,,0.0,0.937007874015748,
shared-80mhz-probed,b2b-16,16,decrypt/poly1305.fsm,state,254,,,,,,,,,,,IDLE
shared-80mhz-probed,b2b-16,16,decrypt/poly1305.key_in,handshake,254,4,0,146,104,1.0,1.0,0.015748031496062992,,0.0,0.5748031496062992,
shared-80mhz-probed,b2b-16,16,decrypt/poly1305.tag_out,handshake,254,4,0,48,202,1.0,1.0,0.015748031496062992,,0.0,0.1889763779527559,
shared-80mhz-probed,b2b-16,16,decrypt/poly1305.to_compute,handshake,254,16,0,158,80,1.0,1.0,0.06299212598425197,,0.0,0.6220472440944882,
shared-80mhz-probed,b2b-16,16,decrypt/prep.axis_in,handshake,254,4,208,0,42,0.018867924528301886,53.0,0.015748031496062992,0.25196850393700787,0.8188976377952756,0.0,
shared-80mhz-probed,b2b-16,16,decrypt/prep.axis_out,handshake,254,16,201,0,37,0.07373271889400922,13.5625,0.06299212598425197,1.0078740157480315,0.7913385826771654,0.0,
shared-80mhz-probed,b2b-16,16,decrypt/prep.fsm,state,254,,,,,,,,,,,AAD_STATE
shared-80mhz-probed,b2b-16,16,decrypt/strip.axis_in,handshake,254,8,208,38,0,0.037037037037037035,27.0,0.031496062992125984,0.5039370078740157,0.8188976377952756,0.14960629921259844,
shared-80mhz-probed,b2b-16,16,decrypt/strip.axis_out,handshake,254,4,208,0,42,0.018867924528301886,53.0,0.015748031496062992,0.25196850393700787,0.8188976377952756,0.0,
shared-80mhz-probed,b2b-16,16,decrypt/strip.tag_out,handshake,254,4,0,190,60,1.0,1.0,0.015748031496062992,,0.0,0.7480314960629921,
shared-80mhz-probed,b2b-16,16,decrypt/verify.auth_tag,handshake,254,4,0,190,60,1.0,1.0,0.015748031496062992,,0.0,0.7480314960629921,
shared-80mhz-probed,b2b-16,16,decrypt/verify.calc_tag,handshake,254,4,0,48,202,1.0,1.0,0.015748031496062992,,0.0,0.1889763779527559,
shared-80mhz-probed,b2b-16,16,decrypt/verify.fsm,state,254,,,,,,,,,,,TAKE_AUTH_TAG
shared-80mhz-probed,b2b-16,16,decrypt/verify.tags_match,handshake,254,4,0,135,115,1.0,1.0,0.015748031496062992,,0.0,0.531496062992126,
shared-80mhz-probed,b2b-16,16,decrypt/wtv.axis_in,handshake,254,4,0,250,0,1.0,1.0,0.015748031496062992,0.25196850393700787,0.0,0.984251968503937,
shared-80mhz-probed,b2b-16,16,decrypt/wtv.axis_out,handshake,254,4,0,250,0,1.0,1.0,0.015748031496062992,0.25196850393700787,0.0,0.984251968503937,
shared-80mhz-probed,b2b-16,16,decrypt/wtv.fsm,state,254,,,,,,,,,,,WAIT_TO_VERIFY_BIT
shared-80mhz-probed,b2b-16,16,decrypt/wtv.verify_bit,handshake,254,4,0,135,115,1.0,1.0,0.015748031496062992,,0.0,0.531496062992126,
shared-80mhz-probed,b2b-16,16,encrypt/append.axis_in,handshake,254,4,0,194,56,1.0,1.0,0.015748031496062992,0.25196850393700787,0.0,0.7637795275590551,
shared-80mhz-probed,b2b-16,16,encrypt/append.axis_out,handshake,254,8,0,246,0,1.0,1.0,0.031496062992125984,0.5039370078740157,0.0,0.968503937007874,
shared-80mhz-probed,b2b-16,16,encrypt/append.fsm,state,254,,,,,,,,,,,CIPHERTEXT
shared-80mhz-probed,b2b-16,16,encrypt/append.tag_in,handshake,254,4,0,52,198,1.0,1.0,0.015748031496062992,,0.0,0.2047244094488189,
shared-80mhz-probed,b2b-16,16,encrypt/chacha20.axis_in,handshake,254,4,6,3,241,0.4,2.5,0.015748031496062992,0.25196850393700787,0.023622047244094488,0.011811023622047244,
shared-80mhz-probed,b2b-16,16,encrypt/chacha20.axis_out,handshake,254,4,52,0,198,0.07142857142857142,14.0,0.015748031496062992,0.25196850393700787,0.2047244094488189,0.0,
shared-80mhz-probed,b2b-16,16,encrypt/chacha20.from_pipeline,handshake,254,8,86,130,30,0.0851063829787234,11.75,0.031496062992125984,,0.33858267716535434,0.5118110236220472,
shared-80mhz-probed,b2b-16,16,encrypt/chacha20.in_state,state,254,,,,,,,,,,,POLY_KEY
shared-80mhz-probed,b2b-16,16,encrypt/chacha20.key_out,handshake,254,4,86,127,37,0.044444444444444446,22.5,0.015748031496062992,,0.33858267716535434,0.5,
shared-80mhz-probed,b2b-16,16,encrypt/chacha20.out_state,state,254,,,,,,,,,,,POLY_KEY
shared-80mhz-probed,b2b-16,16,encrypt/chacha20.to_pipeline,handshake,254,8,8,119,119,0.5,2.0,0.031496062992125984,,0.031496062992125984,0.468503937007874,
shared-80mhz-probed,b2b-16,16,encrypt/poly1305.data_in,handshake,254,16,60,19,159,0.21052631578947367,4.75,0.06299212598425197,1.0078740157480315,0.23622047244094488,0.07480314960629922,
shared-80mhz-probed,b2b-16,16,encrypt/poly1305.from_compute,handshake,254,16,0,238,0,1.0,1.0,0.06299212598425197,,0.0,0.937007874015748,
shared-80mhz-probed,b2b-16,16,encrypt/poly1305.fsm,state,254,,,,,,,,,,,IDLE
shared-80mhz-probed,b2b-16,16,encrypt/poly1305.key_in,handshake,254,4,86,127,37,0.044444444444444446,22.5,0.015748031496062992,,0.33858267716535434,0.5,
shared-80mhz-probed,b2b-16,16,encrypt/poly1305.tag_out,handshake,254,4,0,52,198,1.0,1.0,0.015748031496062992,,0.0,0.2047244094488189,
shared-80mhz-probed,b2b-16,16,encrypt/poly1305.to_compute,handshake,254,16,0,158,80,1.0,1.0,0.06299212598425197,,0.0,0.6220472440944882,
shared-80mhz-probed,b2b-16,16,encrypt/prep.axis_in,handshake,254,4,52,0,198,0.07142857142857142,14.0,0.015748031496062992,0.25196850393700787,0.2047244094488189,0.0,
shared-80mhz-probed,b2b-16,16,encrypt/prep.axis_out,handshake,254,16,60,19,159,0.21052631578947367,4.75,0.06299212598425197,1.0078740157480315,0.23622047244094488,0.07480314960629922,
shared-80mhz-probed,b2b-16,16,encrypt/prep.fsm,state,254,,,,,,,,,,,IDLE
shared-80mhz-probed,b2b-16,16,shared/pipe.arb,arb,254,,,,,,,,,,,
shared-80mhz-probed,b2b-16,16,shared/pipe.dec_in,handshake,254,8,8,118,120,0.5,2.0,0.031496062992125984,,0.031496062992125984,0.4645669291338583,
shared-80mhz-probed,b2b-16,16,shared/pipe.dec_out,handshake,254,8,0,246,0,1.0,1.0,0.031496062992125984,,0.0,0.968503937007874,
shared-80mhz-probed,b2b-16,16,shared/pipe.enc_in,handshake,254,8,8,119,119,0.5,2.0,0.031496062992125984,,0.031496062992125984,0.468503937007874,
shared-80mhz-probed,b2b-16,16,shared/pipe.enc_out,handshake,254,8,86,130,30,0.0851063829787234,11.75,0.031496062992125984,,0.33858267716535434,0.5118110236220472,
shared-80mhz-probed,b2b-64,64,decrypt/chacha20.axis_in,handshake,367,16,8,304,39,0.6666666666666666,1.5,0.043596730245231606,0.6975476839237057,0.021798365122615803,0.8283378746594006,
shared-80mhz-probed,b2b-64,64,decrypt/chacha20.axis_out,handshake,367,16,0,351,0,1.0,1.0,0.043596730245231606,0.6975476839237057,0.0,0.9564032697547684,
shared-80mhz-probed,b2b-64,64,decrypt/chacha20.from_pipeline,handshake,367,8,0,355,4,1.0,1.0,0.021798365122615803,,0.0,0.9673024523160763,
shared-80mhz-probed,b2b-64,64,decrypt/chacha20.in_state,state,367,,,,,,,,,,,PLAINTEXT
shared-80mhz-probed,b2b-64,64,decrypt/chacha20.key_out,handshake,367,4,0,187,176,1.0,1.0,0.010899182561307902,,0.0,0.5095367847411444,
shared-80mhz-probed,b2b-64,64,decrypt/chacha20.out_state,state,367,,,,,,,,,,,PLAINTEXT
shared-80mhz-probed,b2b-64,64,decrypt/chacha20.to_pipeline,handshake,367,8,8,176,175,0.5,2.0,0.021798365122615803,,0.021798365122615803,0.47956403269754766,
shared-80mhz-probed,b2b-64,64,decrypt/poly1305.data_in,handshake,367,28,299,0,40,0.0856269113149847,11.678571428571429,0.07629427792915532,1.220708446866485,0.8147138964577657,0.0,
shared-80mhz-probed,b2b-64,64,decrypt/poly1305.from_compute,handshake,367,28,0,339,0,1.0,1.0,0.07629427792915532,,0.0,0.9237057220708447,
shared-80mhz-probed,b2b-64,64,decrypt/poly1305.fsm,state,367,,,,,,,,,,,IDLE
shared-80mhz-probed,b2b-64,64,decrypt/poly1305.key_in,handshake,367,4,0,187,176,1.0,1.0,0.010899182561307902,,0.0,0.5095367847411444,
shared-80mhz-probed,b2b-64,64,decrypt/poly1305.tag_out,handshake,367,4,0,48,315,1.0,1.0,0.010899182561307902,,0.0,0.1307901907356948,
shared-80mhz-probed,b2b-64,64,decrypt/poly1305.to_compute,handshake,367,28,0,199,140,1.0,1.0,0.07629427792915532,,0.0,0.5422343324250681,
shared-80mhz-probed,b2b-64,64,decrypt/prep.axis_in,handshake,367,16,306,0,45,0.049689440993788817,20.125,0.043596730245231606,0.6975476839237057,0.8337874659400545,0.0,
shared-80mhz-probed,b2b-64,64,decrypt/prep.axis_out,handshake,367,28,299,0,40,0.0856269113149847,11.678571428571429,0.07629427792915532,1.220708446866485,0.8147138964577657,0.0,
shared-80mhz-probed,b2b-64,64,decrypt/prep.fsm,state,367,,,,,,,,,,,AAD_STATE
shared-80mhz-probed,b2b-64,64,decrypt/strip.axis_in,handshake,367,20,306,41,0,0.06134969325153374,16.3,0.05449591280653951,0.8719346049046321,0.8337874659400545,0.11171662125340599,
shared-80mhz-probed,b2b-64,64,decrypt/strip.axis_out,handshake,367,16,306,0,45,0.049689440993788817,20.125,0.043596730245231606,0.6975476839237057,0.8337874659400545,0.0,
shared-80mhz-probed,b2b-64,64,decrypt/strip.tag_out,handshake,367,4,0,303,60,1.0,1.0,0.010899182561307902,,0.0,0.8256130790190735,
shared-80mhz-probed,b2b-64,64,decrypt/verify.auth_tag,handshake,367,4,0,303,60,1.0,1.0,0.010899182561307902,,0.0,0.8256130790190735,
shared-80mhz-probed,b2b-64,64,decrypt/verify.calc_tag,handshake,367,4,0,48,315,1.0,1.0,0.010899182561307902,,0.0,0.1307901907356948,
shared-80mhz-probed,b2b-64,64,decrypt/verify.fsm,state,367,,,,,,,,,,,TAKE_AUTH_TAG
shared-80mhz-probed,b2b-64,64,decrypt/verify.tags_match,handshake,367,4,0,198,165,1.0,1.0,0.010899182561307902,,0.0,0.5395095367847411,
shared-80mhz-probed,b2b-64,64,decrypt/wtv.axis_in,handshake,367,16,0,351,0,1.0,1.0,0.043596730245231606,0.6975476839237057,0.0,0.9564032697547684,
shared-80mhz-probed,b2b-64,64,decrypt/wtv.axis_out,handshake,367,16,0,351,0,1.0,1.0,0.043596730245231606,0.6975476839237057,0.0,0.9564032697547684,
shared-80mhz-probed,b2b-64,64,decrypt/wtv.fsm,state,367,,,,,,,,,,,WAIT_TO_VERIFY_BIT
shared-80mhz-probed,b2b-64,64,decrypt/wtv.verify_bit,handshake,367,4,0,198,165,1.0,1.0,0.010899182561307902,,0.0,0.5395095367847411,
shared-80mhz-probed,b2b-64,64,encrypt/append.axis_in,handshake,367,16,0,295,56,1.0,1.0,0.043596730245231606,0.6975476839237057,0.0,0.8038147138964578,
shared-80mhz-probed,b2b-64,64,encrypt/append.axis_out,handshake,367,20,0,347,0,1.0,1.0,0.05449591280653951,0.8719346049046321,0.0,0.9455040871934605,
shared-80mhz-probed,b2b-64,64,encrypt/append.fsm,state,367,,,,,,,,,,,CIPHERTEXT
shared-80mhz-probed,b2b-64,64,encrypt/append.tag_in,handshake,367,4,0,52,311,1.0,1.0,0.010899182561307902,,0.0,0.14168937329700274,
shared-80mhz-probed,b2b-64,64,encrypt/chacha20.axis_in,handshake,367,16,7,2,342,0.6956521739130435,1.4375,0.043596730245231606,0.6975476839237057,0.01907356948228883,0.005449591280653951,
shared-80mhz-probed,b2b-64,64,encrypt/chacha20.axis_out,handshake,367,16,112,0,239,0.125,8.0,0.043596730245231606,0.6975476839237057,0.30517711171662126,0.0,
shared-80mhz-probed,b2b-64,64,encrypt/chacha20.from_pipeline,handshake,367,8,140,171,48,0.05405405405405406,18.5,0.021798365122615803,,0.3814713896457766,0.4659400544959128,
shared-80mhz-probed,b2b-64,64,encrypt/chacha20.in_state,state,367,,,,,,,,,,,POLY_KEY
shared-80mhz-probed,b2b-64,64,encrypt/chacha20.key_out,handshake,367,4,140,166,57,0.027777777777777776,36.0,0.010899182561307902,,0.3814713896457766,0.45231607629427795,
shared-80mhz-probed,b2b-64,64,encrypt/chacha20.out_state,state,367,,,,,,,,,,,POLY_KEY
shared-80mhz-probed,b2b-64,64,encrypt/chacha20.to_pipeline,handshake,367,8,3,175,181,0.7272727272727273,1.375,0.021798365122615803,,0.008174386920980926,0.4768392370572207,
shared-80mhz-probed,b2b-64,64,encrypt/poly1305.data_in,handshake,367,28,120,21,198,0.1891891891891892,5.285714285714286,0.07629427792915532,1.220708446866485,0.32697547683923706,0.05722070844686648,
shared-80mhz-probed,b2b-64,64,encrypt/poly1305.from_compute,handshake,367,28,0,339,0,1.0,1.0,0.07629427792915532,,0.0,0.9237057220708447,
shared-80mhz-probed,b2b-64,64,encrypt/poly1305.fsm,state,367,,,,,,,,,,,IDLE
shared-80mhz-probed,b2b-64,64,encrypt/poly1305.key_in,handshake,367,4,140,166,57,0.027777777777777776,36.0,0.010899182561307902,,0.3814713896457766,0.45231607629427795,
shared-80mhz-probed,b2b-64,64,encrypt/poly1305.tag_out,handshake,367,4,0,52,311,1.0,1.0,0.010899182561307902,,0.0,0.14168937329700274,
shared-80mhz-probed,b2b-64,64,encrypt/poly1305.to_compute,handshake,367,28,0,199,140,1.0,1.0,0.07629427792915532,,0.0,0.5422343324250681,
shared-80mhz-probed,b2b-64,64,encrypt/prep.axis_in,handshake,367,16,112,0,239,0.125,8.0,0.043596730245231606,0.6975476839237057,0.30517711171662126,0.0,
shared-80mhz-probed,b2b-64,64,encrypt/prep.axis_out,handshake,367,28,120,21,198,0.1891891891891892,5.285714285714286,0.07629427792915532,1.220708446866485,0.32697547683923706,0.05722070844686648,
shared-80mhz-probed,b2b-64,64,encrypt/prep.fsm,state,367,,,,,,,,,,,IDLE
shared-80mhz-probed,b2b-64,64,shared/pipe.arb,arb,367,,,,,,,,,,,
shared-80mhz-probed,b2b-64,64,shared/pipe.dec_in,handshake,367,8,8,176,175,0.5,2.0,0.021798365122615803,,0.021798365122615803,0.47956403269754766,
shared-80mhz-probed,b2b-64,64,shared/pipe.dec_out,handshake,367,8,0,355,4,1.0,1.0,0.021798365122615803,,0.0,0.9673024523160763,
shared-80mhz-probed,b2b-64,64,shared/pipe.enc_in,handshake,367,8,3,175,181,0.7272727272727273,1.375,0.021798365122615803,,0.008174386920980926,0.4768392370572207,
shared-80mhz-probed,b2b-64,64,shared/pipe.enc_out,handshake,367,8,140,171,48,0.05405405405405406,18.5,0.021798365122615803,,0.3814713896457766,0.4659400544959128,
shared-80mhz-probed,b2b-256,256,decrypt/chacha20.axis_in,handshake,882,64,7,772,39,0.9014084507042254,1.109375,0.07256235827664399,1.1609977324263039,0.007936507936507936,0.8752834467120182,
shared-80mhz-probed,b2b-256,256,decrypt/chacha20.axis_out,handshake,882,64,0,818,0,1.0,1.0,0.07256235827664399,1.1609977324263039,0.0,0.927437641723356,
shared-80mhz-probed,b2b-256,256,decrypt/chacha20.from_pipeline,handshake,882,20,6,822,34,0.7692307692307693,1.3,0.022675736961451247,,0.006802721088435374,0.9319727891156463,
shared-80mhz-probed,b2b-256,256,decrypt/chacha20.in_state,state,882,,,,,,,,,,,PLAINTEXT
shared-80mhz-probed,b2b-256,256,decrypt/chacha20.key_out,handshake,882,4,0,414,464,1.0,1.0,0.0045351473922902496,,0.0,0.46938775510204084,
shared-80mhz-probed,b2b-256,256,decrypt/chacha20.out_state,state,882,,,,,,,,,,,PLAINTEXT
shared-80mhz-probed,b2b-256,256,decrypt/chacha20.to_pipeline,handshake,882,20,15,421,426,0.5714285714285714,1.75,0.022675736961451247,,0.017006802721088437,0.47732426303854875,
shared-80mhz-probed,b2b-256,256,decrypt/poly1305.data_in,handshake,882,76,766,0,40,0.09026128266033254,11.078947368421053,0.08616780045351474,1.3786848072562359,0.8684807256235828,0.0,
shared-80mhz-probed,b2b-256,256,decrypt/poly1305.from_compute,handshake,882,76,0,806,0,1.0,1.0,0.08616780045351474,,0.0,0.9138321995464853,
shared-80mhz-probed,b2b-256,256,decrypt/poly1305.fsm,state,882,,,,,,,,,,,FINISH_ITER
shared-80mhz-probed,b2b-256,256,decrypt/poly1305.key_in,handshake,882,4,0,414,464,1.0,1.0,0.0045351473922902496,,0.0,0.46938775510204084,
shared-80mhz-probed,b2b-256,256,decrypt/poly1305.tag_out,handshake,882,4,0,48,830,1.0,1.0,0.0045351473922902496,,0.0,0.05442176870748299,
shared-80mhz-probed,b2b-256,256,decrypt/poly1305.to_compute,handshake,882,76,0,426,380,1.0,1.0,0.08616780045351474,,0.0,0.48299319727891155,
shared-80mhz-probed,b2b-256,256,decrypt/prep.axis_in,handshake,882,64,773,0,45,0.07646356033452807,13.078125,0.07256235827664399,1.1609977324263039,0.8764172335600907,0.0,
shared-80mhz-probed,b2b-256,256,decrypt/prep.axis_out,handshake,882,76,766,0,40,0.09026128266033254,11.078947368421053,0.08616780045351474,1.3786848072562359,0.8684807256235828,0.0,
shared-80mhz-probed,b2b-256,256,decrypt/prep.fsm,state,882,,,,,,,,,,,AAD_STATE
shared-80mhz-probed,b2b-256,256,decrypt/strip.axis_in,handshake,882,68,773,41,0,0.08085612366230678,12.367647058823529,0.07709750566893424,1.2335600907029478,0.8764172335600907,0.046485260770975055,
shared-80mhz-probed,b2b-256,256,decrypt/strip.axis_out,handshake,882,64,773,0,45,0.07646356033452807,13.078125,0.07256235827664399,1.1609977324263039,0.8764172335600907,0.0,
shared-80mhz-probed,b2b-256,256,decrypt/strip.tag_out,handshake,882,4,0,818,60,1.0,1.0,0.0045351473922902496,,0.0,0.927437641723356,
shared-80mhz-probed,b2b-256,256,decrypt/verify.auth_tag,handshake,882,4,0,818,60,1.0,1.0,0.0045351473922902496,,0.0,0.927437641723356,
shared-80mhz-probed,b2b-256,256,decrypt/verify.calc_tag,handshake,882,4,0,48,830,1.0,1.0,0.0045351473922902496,,0.0,0.05442176870748299,
shared-80mhz-probed,b2b-256,256,decrypt/verify.fsm,state,882,,,,,,,,,,,TAKE_AUTH_TAG
shared-80mhz-probed,b2b-256,256,decrypt/verify.tags_match,handshake,882,4,0,485,393,1.0,1.0,0.0045351473922902496,,0.0,0.5498866213151927,
shared-80mhz-probed,b2b-256,256,decrypt/wtv.axis_in,handshake,882,64,0,818,0,1.0,1.0,0.07256235827664399,1.1609977324263039,0.0,0.927437641723356,
shared-80mhz-probed,b2b-256,256,decrypt/wtv.axis_out,handshake,882,64,0,818,0,1.0,1.0,0.07256235827664399,1.1609977324263039,0.0,0.927437641723356,
shared-80mhz-probed,b2b-256,256,decrypt/wtv.fsm,state,882,,,,,,,,,,,WAIT_TO_VERIFY_BIT
shared-80mhz-probed,b2b-256,256,decrypt/wtv.verify_bit,handshake,882,4,0,485,393,1.0,1.0,0.0045351473922902496,,0.0,0.5498866213151927,
shared-80mhz-probed,b2b-256,256,encrypt/append.axis_in,handshake,882,64,0,762,56,1.0,1.0,0.07256235827664399,1.1609977324263039,0.0,0.8639455782312925,
shared-80mhz-probed,b2b-256,256,encrypt/append.axis_out,handshake,882,68,0,814,0,1.0,1.0,0.07709750566893424,1.2335600907029478,0.0,0.9229024943310657,
shared-80mhz-probed,b2b-256,256,encrypt/append.fsm,state,882,,,,,,,,,,,CIPHERTEXT
shared-80mhz-probed,b2b-256,256,encrypt/append.tag_in,handshake,882,4,0,52,826,1.0,1.0,0.0045351473922902496,,0.0,0.05895691609977324,
shared-80mhz-probed,b2b-256,256,encrypt/chacha20.axis_in,handshake,882,64,8,2,808,0.8888888888888888,1.125,0.07256235827664399,1.1609977324263039,0.009070294784580499,0.0022675736961451248,
shared-80mhz-probed,b2b-256,256,encrypt/chacha20.axis_out,handshake,882,64,352,0,466,0.15384615384615385,6.5,0.07256235827664399,1.1609977324263039,0.39909297052154197,0.0,
shared-80mhz-probed,b2b-256,256,encrypt/chacha20.from_pipeline,handshake,882,20,416,398,48,0.045871559633027525,21.8,0.022675736961451247,,0.47165532879818595,0.4512471655328798,
shared-80mhz-probed,b2b-256,256,encrypt/chacha20.in_state,state,882,,,,,,,,,,,POLY_KEY
shared-80mhz-probed,b2b-256,256,encrypt/chacha20.key_out,handshake,882,4,131,393,354,0.02962962962962963,33.75,0.0045351473922902496,,0.14852607709750568,0.445578231292517,
shared-80mhz-probed,b2b-256,256,encrypt/chacha20.out_state,state,882,,,,,,,,,,,POLY_KEY
shared-80mhz-probed,b2b-256,256,encrypt/chacha20.to_pipeline,handshake,882,20,4,421,437,0.8333333333333334,1.2,0.022675736961451247,,0.0045351473922902496,0.47732426303854875,
shared-80mhz-probed,b2b-256,256,encrypt/poly1305.data_in,handshake,882,76,360,21,425,0.1743119266055046,5.7368421052631575,0.08616780045351474,1.3786848072562359,0.40816326530612246,0.023809523809523808,
shared-80mhz-probed,b2b-256,256,encrypt/poly1305.from_compute,handshake,882,76,0,806,0,1.0,1.0,0.08616780045351474,,0.0,0.9138321995464853,
shared-80mhz-probed,b2b-256,256,encrypt/poly1305.fsm,state,882,,,,,,,,,,,FINISH_ITER
shared-80mhz-probed,b2b-256,256,encrypt/poly1305.key_in,handshake,882,4,131,393,354,0.02962962962962963,33.75,0.0045351473922902496,,0.14852607709750568,0.445578231292517,
shared-80mhz-probed,b2b-256,256,encrypt/poly1305.tag_out,handshake,882,4,0,52,826,1.0,1.0,0.0045351473922902496,,0.0,0.05895691609977324,
shared-80mhz-probed,b2b-256,256,encrypt/poly1305.to_compute,handshake,882,76,0,426,380,1.0,1.0,0.08616780045351474,,0.0,0.48299319727891155,
shared-80mhz-probed,b2b-256,256,encrypt/prep.axis_in,handshake,882,64,352,0,466,0.15384615384615385,6.5,0.07256235827664399,1.1609977324263039,0.39909297052154197,0.0,
shared-80mhz-probed,b2b-256,256,encrypt/prep.axis_out,handshake,882,76,360,21,425,0.1743119266055046,5.7368421052631575,0.08616780045351474,1.3786848072562359,0.40816326530612246,0.023809523809523808,
shared-80mhz-probed,b2b-256,256,encrypt/prep.fsm,state,882,,,,,,,,,,,IDLE
shared-80mhz-probed,b2b-256,256,shared/pipe.arb,arb,882,,,,,,,,,,,
shared-80mhz-probed,b2b-256,256,shared/pipe.dec_in,handshake,882,20,15,421,426,0.5714285714285714,1.75,0.022675736961451247,,0.017006802721088437,0.47732426303854875,
shared-80mhz-probed,b2b-256,256,shared/pipe.dec_out,handshake,882,20,6,822,34,0.7692307692307693,1.3,0.022675736961451247,,0.006802721088435374,0.9319727891156463,
shared-80mhz-probed,b2b-256,256,shared/pipe.enc_in,handshake,882,20,4,421,437,0.8333333333333334,1.2,0.022675736961451247,,0.0045351473922902496,0.47732426303854875,
shared-80mhz-probed,b2b-256,256,shared/pipe.enc_out,handshake,882,20,416,398,48,0.045871559633027525,21.8,0.022675736961451247,,0.47165532879818595,0.4512471655328798,
shared-80mhz-probed,b2b-1024,1024,decrypt/chacha20.axis_in,handshake,2293,256,351,1600,86,0.42174629324546953,2.37109375,0.11164413432184911,1.7863061491495857,0.1530745747928478,0.6977758395115569,
shared-80mhz-probed,b2b-1024,1024,decrypt/chacha20.axis_out,handshake,2293,256,0,2037,0,1.0,1.0,0.11164413432184911,1.7863061491495857,0.0,0.888355865678151,
shared-80mhz-probed,b2b-1024,1024,decrypt/chacha20.from_pipeline,handshake,2293,68,104,2043,78,0.3953488372093023,2.5294117647058822,0.02965547317924117,,0.0453554295682512,0.8909725250763192,
shared-80mhz-probed,b2b-1024,1024,decrypt/chacha20.in_state,state,2293,,,,,,,,,,,PLAINTEXT
shared-80mhz-probed,b2b-1024,1024,decrypt/chacha20.key_out,handshake,2293,4,0,474,1815,1.0,1.0,0.0017444395987788923,,0.0,0.20671609245529873,
shared-80mhz-probed,b2b-1024,1024,decrypt/chacha20.out_state,state,2293,,,,,,,,,,,PLAINTEXT
shared-80mhz-probed,b2b-1024,1024,decrypt/chacha20.to_pipeline,handshake,2293,68,530,517,1178,0.11371237458193979,8.794117647058824,0.02965547317924117,,0.23113824683820322,0.22546881814217182,
shared-80mhz-probed,b2b-1024,1024,decrypt/poly1305.data_in,handshake,2293,268,1739,199,87,0.13353263577478824,7.4888059701492535,0.11687745311818579,1.8700392498909726,0.7583951155691234,0.0867858700392499,
shared-80mhz-probed,b2b-1024,1024,decrypt/poly1305.from_compute,handshake,2293,268,0,2025,0,1.0,1.0,0.11687745311818579,,0.0,0.8831225468818142,
shared-80mhz-probed,b2b-1024,1024,decrypt/poly1305.fsm,state,2293,,,,,,,,,,,FINISH_ITER
shared-80mhz-probed,b2b-1024,1024,decrypt/poly1305.key_in,handshake,2293,4,0,474,1815,1.0,1.0,0.0017444395987788923,,0.0,0.20671609245529873,
shared-80mhz-probed,b2b-1024,1024,decrypt/poly1305.tag_out,handshake,2293,4,0,48,2241,1.0,1.0,0.0017444395987788923,,0.0,0.020933275185346708,
shared-80mhz-probed,b2b-1024,1024,decrypt/poly1305.to_compute,handshake,2293,268,0,685,1340,1.0,1.0,0.11687745311818579,,0.0,0.2987352812908853,
shared-80mhz-probed,b2b-1024,1024,decrypt/prep.axis_in,handshake,2293,256,1746,199,92,0.12787212787212787,7.8203125,0.11164413432184911,1.7863061491495857,0.7614478848669864,0.0867858700392499,
shared-80mhz-probed,b2b-1024,1024,decrypt/prep.axis_out,handshake,2293,268,1739,199,87,0.13353263577478824,7.4888059701492535,0.11687745311818579,1.8700392498909726,0.7583951155691234,0.0867858700392499,
shared-80mhz-probed,b2b-1024,1024,decrypt/prep.fsm,state,2293,,,,,,,,,,,CIPHERTEXT
shared-80mhz-probed,b2b-1024,1024,decrypt/strip.axis_in,handshake,2293,260,1945,88,0,0.11791383219954649,8.48076923076923,0.113388573920628,1.814217182730048,0.8482337549062364,0.03837767117313563,
shared-80mhz-probed,b2b-1024,1024,decrypt/strip.axis_out,handshake,2293,256,1945,0,92,0.11631076783280327,8.59765625,0.11164413432184911,1.7863061491495857,0.8482337549062364,0.0,
shared-80mhz-probed,b2b-1024,1024,decrypt/strip.tag_out,handshake,2293,4,0,2229,60,1.0,1.0,0.0017444395987788923,,0.0,0.9720889664195377,
shared-80mhz-probed,b2b-1024,1024,decrypt/verify.auth_tag,handshake,2293,4,0,2229,60,1.0,1.0,0.0017444395987788923,,0.0,0.9720889664195377,
shared-80mhz-probed,b2b-1024,1024,decrypt/verify.calc_tag,handshake,2293,4,0,48,2241,1.0,1.0,0.0017444395987788923,,0.0,0.020933275185346708,
shared-80mhz-probed,b2b-1024,1024,decrypt/verify.fsm,state,2293,,,,,,,,,,,TAKE_AUTH_TAG
shared-80mhz-probed,b2b-1024,1024,decrypt/verify.tags_match,handshake,2293,4,0,1812,477,1.0,1.0,0.0017444395987788923,,0.0,0.7902311382468382,
shared-80mhz-probed,b2b-1024,1024,decrypt/wtv.axis_in,handshake,2293,256,0,2037,0,1.0,1.0,0.11164413432184911,1.7863061491495857,0.0,0.888355865678151,
shared-80mhz-probed,b2b-1024,1024,decrypt/wtv.axis_out,handshake,2293,256,0,2037,0,1.0,1.0,0.11164413432184911,1.7863061491495857,0.0,0.888355865678151,
shared-80mhz-probed,b2b-1024,1024,decrypt/wtv.fsm,state,2293,,,,,,,,,,,WAIT_TO_VERIFY_BIT
shared-80mhz-probed,b2b-1024,1024,decrypt/wtv.verify_bit,handshake,2293,4,0,1812,477,1.0,1.0,0.0017444395987788923,,0.0,0.7902311382468382,
shared-80mhz-probed,b2b-1024,1024,encrypt/append.axis_in,handshake,2293,256,0,1981,56,1.0,1.0,0.11164413432184911,1.7863061491495857,0.0,0.8639337112952464,
shared-80mhz-probed,b2b-1024,1024,encrypt/append.axis_out,handshake,2293,260,0,2033,0,1.0,1.0,0.113388573920628,1.814217182730048,0.0,0.886611426079372,
shared-80mhz-probed,b2b-1024,1024,encrypt/append.fsm,state,2293,,,,,,,,,,,CIPHERTEXT
shared-80mhz-probed,b2b-1024,1024,encrypt/append.tag_in,handshake,2293,4,0,52,2237,1.0,1.0,0.0017444395987788923,,0.0,0.0226777147841256,
shared-80mhz-probed,b2b-1024,1024,encrypt/chacha20.axis_in,handshake,2293,256,1108,2,927,0.187683284457478,5.328125,0.11164413432184911,1.7863061491495857,0.48320976886175315,0.0008722197993894462,
shared-80mhz-probed,b2b-1024,1024,encrypt/chacha20.axis_out,handshake,2293,256,1302,28,707,0.1643132220795892,6.0859375,0.11164413432184911,1.7863061491495857,0.5678150894025294,0.012211077191452245,
shared-80mhz-probed,b2b-1024,1024,encrypt/chacha20.from_pipeline,handshake,2293,68,1438,677,110,0.0451527224435591,22.147058823529413,0.02965547317924117,,0.6271260357610118,0.29524640209332753,
shared-80mhz-probed,b2b-1024,1024,encrypt/chacha20.in_state,state,2293,,,,,,,,,,,PLAINTEXT
shared-80mhz-probed,b2b-1024,1024,encrypt/chacha20.key_out,handshake,2293,4,132,624,1533,0.029411764705882353,34.0,0.0017444395987788923,,0.05756650675970344,0.2721325774095072,
shared-80mhz-probed,b2b-1024,1024,encrypt/chacha20.out_state,state,2293,,,,,,,,,,,PLAINTEXT
shared-80mhz-probed,b2b-1024,1024,encrypt/chacha20.to_pipeline,handshake,2293,68,1104,506,615,0.05802047781569966,17.235294117647058,0.02965547317924117,,0.48146532926297425,0.22067160924552987,
shared-80mhz-probed,b2b-1024,1024,encrypt/poly1305.data_in,handshake,2293,268,1310,49,666,0.16983523447401774,5.888059701492537,0.11687745311818579,1.8700392498909726,0.5713039686000873,0.02136938508504143,
shared-80mhz-probed,b2b-1024,1024,encrypt/poly1305.from_compute,handshake,2293,268,0,2025,0,1.0,1.0,0.11687745311818579,,0.0,0.8831225468818142,
shared-80mhz-probed,b2b-1024,1024,encrypt/poly1305.fsm,state,2293,,,,,,,,,,,FINISH_ITER
shared-80mhz-probed,b2b-1024,1024,encrypt/poly1305.key_in,handshake,2293,4,132,624,1533,0.029411764705882353,34.0,0.0017444395987788923,,0.05756650675970344,0.2721325774095072,
shared-80mhz-probed,b2b-1024,1024,encrypt/poly1305.tag_out,handshake,2293,4,0,52,2237,1.0,1.0,0.0017444395987788923,,0.0,0.0226777147841256,
shared-80mhz-probed,b2b-1024,1024,encrypt/poly1305.to_compute,handshake,2293,268,0,685,1340,1.0,1.0,0.11687745311818579,,0.0,0.2987352812908853,
shared-80mhz-probed,b2b-1024,1024,encrypt/prep.axis_in,handshake,2293,256,1302,28,707,0.1643132220795892,6.0859375,0.11164413432184911,1.7863061491495857,0.5678150894025294,0.012211077191452245,
shared-80mhz-probed,b2b-1024,1024,encrypt/prep.axis_out,handshake,2293,268,1310,49,666,0.16983523447401774,5.888059701492537,0.11687745311818579,1.8700392498909726,0.5713039686000873,0.02136938508504143,
shared-80mhz-probed,b2b-1024,1024,encrypt/prep.fsm,state,2293,,,,,,,,,,,CIPHERTEXT
shared-80mhz-probed,b2b-1024,1024,shared/pipe.arb,arb,2293,,,,,,,,,,,
shared-80mhz-probed,b2b-1024,1024,shared/pipe.dec_in,handshake,2293,68,530,517,1178,0.11371237458193979,8.794117647058824,0.02965547317924117,,0.23113824683820322,0.22546881814217182,
shared-80mhz-probed,b2b-1024,1024,shared/pipe.dec_out,handshake,2293,68,104,2043,78,0.3953488372093023,2.5294117647058822,0.02965547317924117,,0.0453554295682512,0.8909725250763192,
shared-80mhz-probed,b2b-1024,1024,shared/pipe.enc_in,handshake,2293,68,1104,506,615,0.05802047781569966,17.235294117647058,0.02965547317924117,,0.48146532926297425,0.22067160924552987,
shared-80mhz-probed,b2b-1024,1024,shared/pipe.enc_out,handshake,2293,68,1438,677,110,0.0451527224435591,22.147058823529413,0.02965547317924117,,0.6271260357610118,0.29524640209332753,
shared-80mhz-probed,b2b-1420,1420,decrypt/chacha20.axis_in,handshake,3561,356,780,2313,112,0.31338028169014087,3.191011235955056,0.09997191800056164,1.5950575680988486,0.21903959561920808,0.649536647009267,
shared-80mhz-probed,b2b-1420,1420,decrypt/chacha20.axis_out,handshake,3561,356,0,3205,0,1.0,1.0,0.09997191800056164,1.5950575680988486,0.0,0.9000280819994384,
shared-80mhz-probed,b2b-1420,1420,decrypt/chacha20.from_pipeline,handshake,3561,96,109,3201,155,0.4682926829268293,2.1354166666666665,0.02695871946082561,,0.030609379387812413,0.8989048020219039,
shared-80mhz-probed,b2b-1420,1420,decrypt/chacha20.in_state,state,3561,,,,,,,,,,,PLAINTEXT
shared-80mhz-probed,b2b-1420,1420,decrypt/chacha20.key_out,handshake,3561,4,0,670,2887,1.0,1.0,0.0011232799775344005,,0.0,0.18814939623701207,
shared-80mhz-probed,b2b-1420,1420,decrypt/chacha20.out_state,state,3561,,,,,,,,,,,PLAINTEXT
shared-80mhz-probed,b2b-1420,1420,decrypt/chacha20.to_pipeline,handshake,3561,96,929,701,1835,0.09365853658536585,10.677083333333334,0.02695871946082561,,0.2608817747823645,0.19685481606290367,
shared-80mhz-probed,b2b-1420,1420,decrypt/poly1305.data_in,handshake,3561,368,2410,671,112,0.13246940244780417,7.548913043478261,0.10334175793316484,1.6534681269306375,0.6767761864644762,0.18843021623139566,
shared-80mhz-probed,b2b-1420,1420,decrypt/poly1305.from_compute,handshake,3561,368,0,3193,0,1.0,1.0,0.10334175793316484,,0.0,0.8966582420668352,
shared-80mhz-probed,b2b-1420,1420,decrypt/poly1305.fsm,state,3561,,,,,,,,,,,FINISH_ITER
shared-80mhz-probed,b2b-1420,1420,decrypt/poly1305.key_in,handshake,3561,4,0,670,2887,1.0,1.0,0.0011232799775344005,,0.0,0.18814939623701207,
shared-80mhz-probed,b2b-1420,1420,decrypt/poly1305.tag_out,handshake,3561,4,0,48,3509,1.0,1.0,0.0011232799775344005,,0.0,0.013479359730412805,
shared-80mhz-probed,b2b-1420,1420,decrypt/poly1305.to_compute,handshake,3561,368,0,1353,1840,1.0,1.0,0.10334175793316484,,0.0,0.37994945240101097,
shared-80mhz-probed,b2b-1420,1420,decrypt/prep.axis_in,handshake,3561,356,2417,671,117,0.1283808150018031,7.78932584269663,0.09997191800056164,1.5950575680988486,0.6787419264251615,0.18843021623139566,
shared-80mhz-probed,b2b-1420,1420,decrypt/prep.axis_out,handshake,3561,368,2410,671,112,0.13246940244780417,7.548913043478261,0.10334175793316484,1.6534681269306375,0.6767761864644762,0.18843021623139566,
shared-80mhz-probed,b2b-1420,1420,decrypt/prep.fsm,state,3561,,,,,,,,,,,CIPHERTEXT
shared-80mhz-probed,b2b-1420,1420,decrypt/strip.axis_in,handshake,3561,360,3088,113,0,0.10440835266821345,9.577777777777778,0.10109519797809605,1.613030047739399,0.8671721426565572,0.03173265936534681,
shared-80mhz-probed,b2b-1420,1420,decrypt/strip.axis_out,handshake,3561,356,3088,0,117,0.10336817653890824,9.674157303370787,0.09997191800056164,1.5950575680988486,0.8671721426565572,0.0,
shared-80mhz-probed,b2b-1420,1420,decrypt/strip.tag_out,handshake,3561,4,0,3497,60,1.0,1.0,0.0011232799775344005,,0.0,0.9820275203594496,
shared-80mhz-probed,b2b-1420,1420,decrypt/verify.auth_tag,handshake,3561,4,0,3497,60,1.0,1.0,0.0011232799775344005,,0.0,0.9820275203594496,
shared-80mhz-probed,b2b-1420,1420,decrypt/verify.calc_tag,handshake,3561,4,0,48,3509,1.0,1.0,0.0011232799775344005,,0.0,0.013479359730412805,
shared-80mhz-probed,b2b-1420,1420,decrypt/verify.fsm,state,3561,,,,,,,,,,,TAKE_AUTH_TAG
shared-80mhz-probed,b2b-1420,1420,decrypt/verify.tags_match,handshake,3561,4,0,2892,665,1.0,1.0,0.0011232799775344005,,0.0,0.8121314237573716,
shared-80mhz-probed,b2b-1420,1420,decrypt/wtv.axis_in,handshake,3561,356,0,3205,0,1.0,1.0,0.09997191800056164,1.5950575680988486,0.0,0.9000280819994384,
shared-80mhz-probed,b2b-1420,1420,decrypt/wtv.axis_out,handshake,3561,356,0,3205,0,1.0,1.0,0.09997191800056164,1.5950575680988486,0.0,0.9000280819994384,
shared-80mhz-probed,b2b-1420,1420,decrypt/wtv.fsm,state,3561,,,,,,,,,,,WAIT_TO_VERIFY_BIT
shared-80mhz-probed,b2b-1420,1420,decrypt/wtv.verify_bit,handshake,3561,4,0,2892,665,1.0,1.0,0.0011232799775344005,,0.0,0.8121314237573716,
shared-80mhz-probed,b2b-1420,1420,encrypt/append.axis_in,handshake,3561,356,0,3145,60,1.0,1.0,0.09997191800056164,1.5950575680988486,0.0,0.8831788823364224,
shared-80mhz-probed,b2b-1420,1420,encrypt/append.axis_out,handshake,3561,360,0,3201,0,1.0,1.0,0.10109519797809605,1.613030047739399,0.0,0.8989048020219039,
shared-80mhz-probed,b2b-1420,1420,encrypt/append.fsm,state,3561,,,,,,,,,,,CIPHERTEXT
shared-80mhz-probed,b2b-1420,1420,encrypt/append.tag_in,handshake,3561,4,4,0,3553,0.5,2.0,0.0011232799775344005,,0.0011232799775344005,0.0,
shared-80mhz-probed,b2b-1420,1420,encrypt/chacha20.axis_in,handshake,3561,356,1406,25,1774,0.20204313280363223,4.949438202247191,0.09997191800056164,1.5950575680988486,0.39483291210334176,0.007020499859590003,
shared-80mhz-probed,b2b-1420,1420,encrypt/chacha20.axis_out,handshake,3561,356,1807,4,1394,0.16458622283865001,6.075842696629214,0.09997191800056164,1.5950575680988486,0.5074417298511654,0.0011232799775344005,
shared-80mhz-probed,b2b-1420,1420,encrypt/chacha20.from_pipeline,handshake,3561,96,2056,1331,78,0.04460966542750929,22.416666666666668,0.02695871946082561,,0.5773659084526819,0.37377141252457174,
shared-80mhz-probed,b2b-1420,1420,encrypt/chacha20.in_state,state,3561,,,,,,,,,,,POLY_KEY
shared-80mhz-probed,b2b-1420,1420,encrypt/chacha20.key_out,handshake,3561,4,54,1301,2202,0.06896551724137931,14.5,0.0011232799775344005,,0.015164279696714406,0.36534681269306374,
shared-80mhz-probed,b2b-1420,1420,encrypt/chacha20.out_state,state,3561,,,,,,,,,,,PLAINTEXT
shared-80mhz-probed,b2b-1420,1420,encrypt/chacha20.to_pipeline,handshake,3561,96,1445,746,1274,0.06229720960415315,16.052083333333332,0.02695871946082561,,0.40578489188430217,0.20949171581016568,
shared-80mhz-probed,b2b-1420,1420,encrypt/poly1305.data_in,handshake,3561,368,1815,36,1342,0.168575355016033,5.932065217391305,0.10334175793316484,1.6534681269306375,0.5096882898062342,0.010109519797809604,
shared-80mhz-probed,b2b-1420,1420,encrypt/poly1305.from_compute,handshake,3561,368,0,3193,0,1.0,1.0,0.10334175793316484,,0.0,0.8966582420668352,
shared-80mhz-probed,b2b-1420,1420,encrypt/poly1305.fsm,state,3561,,,,,,,,,,,FINISH_ITER
shared-80mhz-probed,b2b-1420,1420,encrypt/poly1305.key_in,handshake,3561,4,54,1301,2202,0.06896551724137931,14.5,0.0011232799775344005,,0.015164279696714406,0.36534681269306374,
shared-80mhz-probed,b2b-1420,1420,encrypt/poly1305.tag_out,handshake,3561,4,4,0,3553,0.5,2.0,0.0011232799775344005,,0.0011232799775344005,0.0,
shared-80mhz-probed,b2b-1420,1420,encrypt/poly1305.to_compute,handshake,3561,368,0,1353,1840,1.0,1.0,0.10334175793316484,,0.0,0.37994945240101097,
shared-80mhz-probed,b2b-1420,1420,encrypt/prep.axis_in,handshake,3561,356,1807,4,1394,0.16458622283865001,6.075842696629214,0.09997191800056164,1.5950575680988486,0.5074417298511654,0.0011232799775344005,
shared-80mhz-probed,b2b-1420,1420,encrypt/prep.axis_out,handshake,3561,368,1815,36,1342,0.168575355016033,5.932065217391305,0.10334175793316484,1.6534681269306375,0.5096882898062342,0.010109519797809604,
shared-80mhz-probed,b2b-1420,1420,encrypt/prep.fsm,state,3561,,,,,,,,,,,CIPHERTEXT
shared-80mhz-probed,b2b-1420,1420,shared/pipe.arb,arb,3561,,,,,,,,,,,
shared-80mhz-probed,b2b-1420,1420,shared/pipe.dec_in,handshake,3561,96,929,701,1835,0.09365853658536585,10.677083333333334,0.02695871946082561,,0.2608817747823645,0.19685481606290367,
shared-80mhz-probed,b2b-1420,1420,shared/pipe.dec_out,handshake,3561,96,109,3201,155,0.4682926829268293,2.1354166666666665,0.02695871946082561,,0.030609379387812413,0.8989048020219039,
shared-80mhz-probed,b2b-1420,1420,shared/pipe.enc_in,handshake,3561,96,1445,746,1274,0.06229720960415315,16.052083333333332,0.02695871946082561,,0.40578489188430217,0.20949171581016568,
shared-80mhz-probed,b2b-1420,1420,shared/pipe.enc_out,handshake,3561,96,2056,1331,78,0.04460966542750929,22.416666666666668,0.02695871946082561,,0.5773659084526819,0.37377141252457174,
shared-80mhz-probed,peak-1920,1920,decrypt/chacha20.axis_in,handshake,4209,480,645,2942,142,0.4266666666666667,2.34375,0.11404133998574484,1.8246614397719174,0.15324305060584462,0.6989783796626277,
shared-80mhz-probed,peak-1920,1920,decrypt/chacha20.axis_out,handshake,4209,480,0,3729,0,1.0,1.0,0.11404133998574484,1.8246614397719174,0.0,0.8859586600142552,
shared-80mhz-probed,peak-1920,1920,decrypt/chacha20.from_pipeline,handshake,4209,124,198,3735,152,0.38509316770186336,2.596774193548387,0.029460679496317414,,0.047042052744119746,0.887384176764077,
shared-80mhz-probed,peak-1920,1920,decrypt/chacha20.in_state,state,4209,,,,,,,,,,,PLAINTEXT
shared-80mhz-probed,peak-1920,1920,decrypt/chacha20.key_out,handshake,4209,4,0,821,3384,1.0,1.0,0.000950344499881207,,0.0,0.19505820860061773,
shared-80mhz-probed,peak-1920,1920,decrypt/chacha20.out_state,state,4209,,,,,,,,,,,PLAINTEXT
shared-80mhz-probed,peak-1920,1920,decrypt/chacha20.to_pipeline,handshake,4209,124,902,829,2354,0.12085769980506822,8.274193548387096,0.029460679496317414,,0.21430268472321218,0.19695889760038013,
shared-80mhz-probed,peak-1920,1920,decrypt/poly1305.data_in,handshake,4209,492,3150,424,143,0.13509060955518945,7.402439024390244,0.11689237348538846,1.8702779757662154,0.7483962936564504,0.10073651698740793,
shared-80mhz-probed,peak-1920,1920,decrypt/poly1305.from_compute,handshake,4209,492,0,3717,0,1.0,1.0,0.11689237348538846,,0.0,0.8831076265146115,
shared-80mhz-probed,peak-1920,1920,decrypt/poly1305.fsm,state,4209,,,,,,,,,,,FINISH_ITER
shared-80mhz-probed,peak-1920,1920,decrypt/poly1305.key_in,handshake,4209,4,0,821,3384,1.0,1.0,0.000950344499881207,,0.0,0.19505820860061773,
shared-80mhz-probed,peak-1920,1920,decrypt/poly1305.tag_out,handshake,4209,4,0,48,4157,1.0,1.0,0.000950344499881207,,0.0,0.011404133998574484,
shared-80mhz-probed,peak-1920,1920,decrypt/poly1305.to_compute,handshake,4209,492,0,1257,2460,1.0,1.0,0.11689237348538846,,0.0,0.29864575908766927,
shared-80mhz-probed,peak-1920,1920,decrypt/prep.axis_in,handshake,4209,480,3157,424,148,0.1319769040417927,7.577083333333333,0.11404133998574484,1.8246614397719174,0.7500593965312425,0.10073651698740793,
shared-80mhz-probed,peak-1920,1920,decrypt/prep.axis_out,handshake,4209,492,3150,424,143,0.13509060955518945,7.402439024390244,0.11689237348538846,1.8702779757662154,0.7483962936564504,0.10073651698740793,
shared-80mhz-probed,peak-1920,1920,decrypt/prep.fsm,state,4209,,,,,,,,,,,CIPHERTEXT
shared-80mhz-probed,peak-1920,1920,decrypt/strip.axis_in,handshake,4209,484,3581,144,0,0.11906519065190652,8.398760330578513,0.11499168448562604,1.8398669517700166,0.8507959135186505,0.03421240199572345,
shared-80mhz-probed,peak-1920,1920,decrypt/strip.axis_out,handshake,4209,480,3581,0,148,0.11819748830337355,8.460416666666667,0.11404133998574484,1.8246614397719174,0.8507959135186505,0.0,
shared-80mhz-probed,peak-1920,1920,decrypt/strip.tag_out,handshake,4209,4,0,4145,60,1.0,1.0,0.000950344499881207,,0.0,0.9847944880019007,
shared-80mhz-probed,peak-1920,1920,decrypt/verify.auth_tag,handshake,4209,4,0,4145,60,1.0,1.0,0.000950344499881207,,0.0,0.9847944880019007,
shared-80mhz-probed,peak-1920,1920,decrypt/verify.calc_tag,handshake,4209,4,0,48,4157,1.0,1.0,0.000950344499881207,,0.0,0.011404133998574484,
shared-80mhz-probed,peak-1920,1920,decrypt/verify.fsm,state,4209,,,,,,,,,,,TAKE_AUTH_TAG
shared-80mhz-probed,peak-1920,1920,decrypt/verify.tags_match,handshake,4209,4,0,3349,856,1.0,1.0,0.000950344499881207,,0.0,0.7956759325255405,
shared-80mhz-probed,peak-1920,1920,decrypt/wtv.axis_in,handshake,4209,480,0,3729,0,1.0,1.0,0.11404133998574484,1.8246614397719174,0.0,0.8859586600142552,
shared-80mhz-probed,peak-1920,1920,decrypt/wtv.axis_out,handshake,4209,480,0,3729,0,1.0,1.0,0.11404133998574484,1.8246614397719174,0.0,0.8859586600142552,
shared-80mhz-probed,peak-1920,1920,decrypt/wtv.fsm,state,4209,,,,,,,,,,,WAIT_TO_VERIFY_BIT
shared-80mhz-probed,peak-1920,1920,decrypt/wtv.verify_bit,handshake,4209,4,0,3349,856,1.0,1.0,0.000950344499881207,,0.0,0.7956759325255405,
shared-80mhz-probed,peak-1920,1920,encrypt/append.axis_in,handshake,4209,480,0,3673,56,1.0,1.0,0.11404133998574484,1.8246614397719174,0.0,0.8726538370159183,
shared-80mhz-probed,peak-1920,1920,encrypt/append.axis_out,handshake,4209,484,0,3725,0,1.0,1.0,0.11499168448562604,1.8398669517700166,0.0,0.885008315514374,
shared-80mhz-probed,peak-1920,1920,encrypt/append.fsm,state,4209,,,,,,,,,,,CIPHERTEXT
shared-80mhz-probed,peak-1920,1920,encrypt/append.tag_in,handshake,4209,4,0,52,4153,1.0,1.0,0.000950344499881207,,0.0,0.01235447849845569,
shared-80mhz-probed,peak-1920,1920,encrypt/chacha20.axis_in,handshake,4209,480,2100,2,1627,0.18604651162790697,5.375,0.11404133998574484,1.8246614397719174,0.4989308624376336,0.0004751722499406035,
shared-80mhz-probed,peak-1920,1920,encrypt/chacha20.axis_out,handshake,4209,480,2416,44,1269,0.16574585635359115,6.033333333333333,0.11404133998574484,1.8246614397719174,0.574008077928249,0.010453789498693276,
shared-80mhz-probed,peak-1920,1920,encrypt/chacha20.from_pipeline,handshake,4209,124,2647,1265,173,0.04474918801876579,22.346774193548388,0.029460679496317414,,0.6288904727963887,0.3005464480874317,
shared-80mhz-probed,peak-1920,1920,encrypt/chacha20.in_state,state,4209,,,,,,,,,,,PLAINTEXT
shared-80mhz-probed,peak-1920,1920,encrypt/chacha20.key_out,handshake,4209,4,132,1180,2893,0.029411764705882353,34.0,0.000950344499881207,,0.03136136849607983,0.28035162746495607,
shared-80mhz-probed,peak-1920,1920,encrypt/chacha20.out_state,state,4209,,,,,,,,,,,PLAINTEXT
shared-80mhz-probed,peak-1920,1920,encrypt/chacha20.to_pipeline,handshake,4209,124,2096,854,1135,0.055855855855855854,17.903225806451612,0.029460679496317414,,0.49798051793775244,0.2028985507246377,
shared-80mhz-probed,peak-1920,1920,encrypt/poly1305.data_in,handshake,4209,492,2424,65,1228,0.16872427983539096,5.926829268292683,0.11689237348538846,1.8702779757662154,0.5759087669280114,0.015443098123069612,
shared-80mhz-probed,peak-1920,1920,encrypt/poly1305.from_compute,handshake,4209,492,0,3717,0,1.0,1.0,0.11689237348538846,,0.0,0.8831076265146115,
shared-80mhz-probed,peak-1920,1920,encrypt/poly1305.fsm,state,4209,,,,,,,,,,,FINISH_ITER
shared-80mhz-probed,peak-1920,1920,encrypt/poly1305.key_in,handshake,4209,4,132,1180,2893,0.029411764705882353,34.0,0.000950344499881207,,0.03136136849607983,0.28035162746495607,
shared-80mhz-probed,peak-1920,1920,encrypt/poly1305.tag_out,handshake,4209,4,0,52,4153,1.0,1.0,0.000950344499881207,,0.0,0.01235447849845569,
shared-80mhz-probed,peak-1920,1920,encrypt/poly1305.to_compute,handshake,4209,492,0,1257,2460,1.0,1.0,0.11689237348538846,,0.0,0.29864575908766927,
shared-80mhz-probed,peak-1920,1920,encrypt/prep.axis_in,handshake,4209,480,2416,44,1269,0.16574585635359115,6.033333333333333,0.11404133998574484,1.8246614397719174,0.574008077928249,0.010453789498693276,
shared-80mhz-probed,peak-1920,1920,encrypt/prep.axis_out,handshake,4209,492,2424,65,1228,0.16872427983539096,5.926829268292683,0.11689237348538846,1.8702779757662154,0.5759087669280114,0.015443098123069612,
shared-80mhz-probed,peak-1920,1920,encrypt/prep.fsm,state,4209,,,,,,,,,,,CIPHERTEXT
shared-80mhz-probed,peak-1920,1920,shared/pipe.arb,arb,4209,,,,,,,,,,,
shared-80mhz-probed,peak-1920,1920,shared/pipe.dec_in,handshake,4209,124,902,829,2354,0.12085769980506822,8.274193548387096,0.029460679496317414,,0.21430268472321218,0.19695889760038013,
shared-80mhz-probed,peak-1920,1920,shared/pipe.dec_out,handshake,4209,124,198,3735,152,0.38509316770186336,2.596774193548387,0.029460679496317414,,0.047042052744119746,0.887384176764077,
shared-80mhz-probed,peak-1920,1920,shared/pipe.enc_in,handshake,4209,124,2096,854,1135,0.055855855855855854,17.903225806451612,0.029460679496317414,,0.49798051793775244,0.2028985507246377,
shared-80mhz-probed,peak-1920,1920,shared/pipe.enc_out,handshake,4209,124,2647,1265,173,0.04474918801876579,22.346774193548388,0.029460679496317414,,0.6288904727963887,0.3005464480874317,
