<?xml version="1.0"?>
<Runs Version="1" Minor="0">
	<Run Id="afifo_16i_64o_512_synth_1" LaunchDir="G:/AX7100/audio_record_play/ddr3_ov5640_an430_lcd/ddr3_ov5640_an430_lcd.runs/afifo_16i_64o_512_synth_1" FlowId="Vivado_Synthesis" FromStepId="vivado" ToStepId="vivado"/>
	<Run Id="afifo_64i_16o_128_synth_1" LaunchDir="G:/AX7100/audio_record_play/ddr3_ov5640_an430_lcd/ddr3_ov5640_an430_lcd.runs/afifo_64i_16o_128_synth_1" FlowId="Vivado_Synthesis" FromStepId="vivado" ToStepId="vivado"/>
	<Run Id="synth_1" LaunchDir="G:/AX7100/audio_record_play/ddr3_ov5640_an430_lcd/ddr3_ov5640_an430_lcd.runs/synth_1" FlowId="Vivado_Synthesis" FromStepId="vivado" ToStepId="vivado">
		<Parent Id="afifo_16i_64o_512_synth_1"/>
		<Parent Id="afifo_64i_16o_128_synth_1"/>
	</Run>
	<Run Id="impl_1" LaunchDir="G:/AX7100/audio_record_play/ddr3_ov5640_an430_lcd/ddr3_ov5640_an430_lcd.runs/impl_1" FlowId="Vivado_Implementation" FromStepId="init_design" ToStepId="write_bitstream">
		<Parent Id="synth_1"/>
	</Run>
</Runs>

