<?xml version="1.0" encoding="UTF-8"?>
<GenRun Id="impl_1" LaunchPart="xc7a100tfgg484-2" LaunchTime="1567053014">
  <File Type="WBT-USG" Name="usage_statistics_webtalk.html"/>
  <File Type="RDI-RDI" Name="key_debounce.vdi"/>
  <File Type="BG-DRC" Name="key_debounce.drc"/>
  <File Type="BITSTR-NKY" Name="key_debounce.nky"/>
  <File Type="BITSTR-RBT" Name="key_debounce.rbt"/>
  <File Type="BG-BIT" Name="key_debounce.bit"/>
  <File Type="POSTROUTE-PHYSOPT-BLACKBOX-DCP" Name="key_debounce_postroute_physopt_bb.dcp"/>
  <File Type="POSTROUTE-PHYSOPT-DCP" Name="key_debounce_postroute_physopt.dcp"/>
  <File Type="ROUTE-BUS-SKEW-RPX" Name="key_debounce_bus_skew_routed.rpx"/>
  <File Type="ROUTE-BUS-SKEW-PB" Name="key_debounce_bus_skew_routed.pb"/>
  <File Type="ROUTE-BUS-SKEW" Name="key_debounce_bus_skew_routed.rpt"/>
  <File Type="ROUTE-CLK" Name="key_debounce_clock_utilization_routed.rpt"/>
  <File Type="ROUTE-TIMING-RPX" Name="key_debounce_timing_summary_routed.rpx"/>
  <File Type="ROUTE-TIMING-PB" Name="key_debounce_timing_summary_routed.pb"/>
  <File Type="ROUTE-TIMINGSUMMARY" Name="key_debounce_timing_summary_routed.rpt"/>
  <File Type="PLACE-PRE-SIMILARITY" Name="key_debounce_incremental_reuse_pre_placed.rpt"/>
  <File Type="ROUTE-METHODOLOGY-DRC-RPX" Name="key_debounce_methodology_drc_routed.rpx"/>
  <File Type="PLACE-UTIL" Name="key_debounce_utilization_placed.rpt"/>
  <File Type="PLACE-IO" Name="key_debounce_io_placed.rpt"/>
  <File Type="PLACE-CTRL" Name="key_debounce_control_sets_placed.rpt"/>
  <File Type="ROUTE-METHODOLOGY-DRC-PB" Name="key_debounce_methodology_drc_routed.pb"/>
  <File Type="PLACE-DCP" Name="key_debounce_placed.dcp"/>
  <File Type="BG-BGN" Name="key_debounce.bgn"/>
  <File Type="ROUTE-DRC-RPX" Name="key_debounce_drc_routed.rpx"/>
  <File Type="PWROPT-DCP" Name="key_debounce_pwropt.dcp"/>
  <File Type="BG-BIN" Name="key_debounce.bin"/>
  <File Type="OPT-HWDEF" Name="key_debounce.hwdef"/>
  <File Type="ROUTE-PWR" Name="key_debounce_power_routed.rpt"/>
  <File Type="OPT-DRC" Name="key_debounce_drc_opted.rpt"/>
  <File Type="BITSTR-BMM" Name="key_debounce_bd.bmm"/>
  <File Type="PA-TCL" Name="key_debounce.tcl"/>
  <File Type="PLACE-UTIL-PB" Name="key_debounce_utilization_placed.pb"/>
  <File Type="ROUTE-METHODOLOGY-DRC" Name="key_debounce_methodology_drc_routed.rpt"/>
  <File Type="OPT-DCP" Name="key_debounce_opt.dcp"/>
  <File Type="ROUTE-PWR-SUM" Name="key_debounce_power_summary_routed.pb"/>
  <File Type="REPORTS-TCL" Name="key_debounce_reports.tcl"/>
  <File Type="POSTPLACE-PWROPT-DCP" Name="key_debounce_postplace_pwropt.dcp"/>
  <File Type="BITSTR-MSK" Name="key_debounce.msk"/>
  <File Type="PHYSOPT-DCP" Name="key_debounce_physopt.dcp"/>
  <File Type="ROUTE-ERROR-DCP" Name="key_debounce_routed_error.dcp"/>
  <File Type="ROUTE-DCP" Name="key_debounce_routed.dcp"/>
  <File Type="ROUTE-BLACKBOX-DCP" Name="key_debounce_routed_bb.dcp"/>
  <File Type="ROUTE-DRC" Name="key_debounce_drc_routed.rpt"/>
  <File Type="ROUTE-DRC-PB" Name="key_debounce_drc_routed.pb"/>
  <File Type="BITSTR-LTX" Name="key_debounce.ltx"/>
  <File Type="BITSTR-MMI" Name="key_debounce.mmi"/>
  <File Type="BITSTR-SYSDEF" Name="key_debounce.sysdef"/>
  <File Type="ROUTE-PWR-RPX" Name="key_debounce_power_routed.rpx"/>
  <File Type="ROUTE-STATUS" Name="key_debounce_route_status.rpt"/>
  <File Type="ROUTE-STATUS-PB" Name="key_debounce_route_status.pb"/>
  <FileSet Name="sources" Type="DesignSrcs" RelSrcDir="$PSRCDIR/sources_1">
    <Filter Type="Srcs"/>
    <File Path="$PSRCDIR/sources_1/src/ax_debounce.v">
      <FileInfo>
        <Attr Name="UsedIn" Val="synthesis"/>
        <Attr Name="UsedIn" Val="implementation"/>
        <Attr Name="UsedIn" Val="simulation"/>
      </FileInfo>
    </File>
    <File Path="$PSRCDIR/sources_1/src/count_m10.v">
      <FileInfo>
        <Attr Name="UsedIn" Val="synthesis"/>
        <Attr Name="UsedIn" Val="implementation"/>
        <Attr Name="UsedIn" Val="simulation"/>
      </FileInfo>
    </File>
    <File Path="$PSRCDIR/sources_1/src/key_debounce.v">
      <FileInfo>
        <Attr Name="UsedIn" Val="synthesis"/>
        <Attr Name="UsedIn" Val="implementation"/>
        <Attr Name="UsedIn" Val="simulation"/>
      </FileInfo>
    </File>
    <Config>
      <Option Name="DesignMode" Val="RTL"/>
      <Option Name="TopModule" Val="key_debounce"/>
      <Option Name="TopAutoSet" Val="TRUE"/>
    </Config>
  </FileSet>
  <FileSet Name="constrs_in" Type="Constrs" RelSrcDir="$PSRCDIR/constrs_1">
    <Filter Type="Constrs"/>
    <File Path="$PSRCDIR/constrs_1/new/key_debounce.xdc">
      <FileInfo>
        <Attr Name="UsedIn" Val="synthesis"/>
        <Attr Name="UsedIn" Val="implementation"/>
      </FileInfo>
    </File>
    <Config>
      <Option Name="ConstrsType" Val="XDC"/>
    </Config>
  </FileSet>
  <FileSet Name="utils" Type="Utils" RelSrcDir="$PSRCDIR/utils_1">
    <Filter Type="Utils"/>
    <Config>
      <Option Name="TopAutoSet" Val="TRUE"/>
    </Config>
  </FileSet>
  <Strategy Version="1" Minor="2">
    <StratHandle Name="Vivado Implementation Defaults" Flow="Vivado Implementation 2015"/>
    <Step Id="init_design"/>
    <Step Id="opt_design"/>
    <Step Id="power_opt_design"/>
    <Step Id="place_design"/>
    <Step Id="post_place_power_opt_design"/>
    <Step Id="phys_opt_design"/>
    <Step Id="route_design"/>
    <Step Id="post_route_phys_opt_design"/>
    <Step Id="write_bitstream"/>
  </Strategy>
</GenRun>
